Zeit;Temperatur;Luftfeuchte;CO2;eCO2;TVOC;PM1;PM2.5;PM4;PM10
5.209;29.216356;25.439995;251.63637;400.18182;10.181818;0;0;0;0
10.215;29.209566;25.48913;252;400;8.652174;0;0;0;0
15.266;29.228632;25.50046;250.5;400;13.090909;0;0;0;0
20.279;29.225458;25.511822;249;400;8.090909;0;0;0;0
25.444;29.235907;25.492273;248.27272;400.04544;9.5;0;0;0;0
30.52;29.218254;25.463476;247.13043;400;9.652174;0;0;0;0
35.72;29.193642;25.491364;247.18182;400.0909;7.181818;0;0;0;0
40.743;29.20217;25.500433;247.69565;400.0435;4.0869565;0;0;0;0
46.034;29.161366;25.415459;247.04546;400;4.1363635;0;0;0;0
51.217;29.154783;25.32826;247.39131;400;7.7391305;0;0;0;0
56.235;29.130003;25.381311;247.34782;400.0435;4.826087;0;0;0;0
61.27;29.134544;25.460907;248.5;402;6.590909;0;0;0;0
66.466;29.123634;25.50091;249;401.0909;14.181818;0;0;0;0
71.561;29.091307;25.453476;249.39131;401.65216;14.73913;0;0;0;0
76.563;29.086823;25.454094;247.54546;400.95456;13;0;0;0;0
81.732;29.084093;25.432734;245.40909;400.63635;11.727273;0;0;0;0
86.733;29.08435;25.377823;244.69565;401.13043;13.173913;0;0;0;0
91.755;29.092724;25.404543;243.54546;400.22726;12.090909;0;0;0;0
96.756;29.079998;25.377722;242.40909;400;13.045455;0;0;0;0
101.805;29.074541;25.42727;242.27272;400.5909;5.181818;0;0;0;0
106.863;29.081366;25.41046;243;400.9091;11.909091;0;0;0;0
112.102;29.069544;25.369997;242.81818;400.86365;9.772727;0;0;0;0
117.268;29.06522;25.343044;241;400.13043;8.782609;0;0;0;0
122.33;29.070864;25.24174;241;400;4.652174;0;0;0;0
127.365;29.066814;25.200909;239.86363;400;5.818182;0;0;0;0
132.583;29.064997;25.095;239.27272;400;6.181818;0;0;0;0
137.601;29.056084;25.058697;239.60869;400;2.6956522;0;0;0;0
142.633;29.049994;25.092726;240;400;3.8181818;0;0;0;0
147.635;29.040907;25.131361;240;400;3.5454545;0;0;0;0
152.647;29.033642;25.12273;240;400;5.0454545;0;0;0;0
157.691;29.03318;25.093641;240;400;5.1363635;0;0;0;0
162.846;29.02545;25.111818;240;400;4.5454545;0;0;0;0
167.881;29.049994;25.13739;239.65218;400;8.695652;0;0;0;0
172.927;29.049086;25.160454;239;400.68182;8.545455;0;0;0;0
177.973;29.056816;25.155006;238.86363;403.5909;8.545455;0;0;0;0
183.158;29.05727;25.171816;238;401.22726;13.363636;0;0;0;0
188.159;29.063044;25.16913;237.56522;402.30435;11.391304;0;0;0;0
193.186;29.077269;25.165913;238.59091;405.4091;16.363636;0;0;0;0
198.238;29.094545;25.216368;239;402.95456;17.454546;0;0;0;0
203.24;29.111818;25.283178;239.81818;409.45456;20.636364;0;0;0;0
208.263;29.124544;25.36637;240.09091;403.5909;18.5;0;0;0;0
213.282;29.141356;25.325909;241;405.63635;20.40909;0;0;0;0
218.291;29.159996;25.426819;241.77272;405.36365;22.136364;0;0;0;0
223.525;29.169092;25.51545;242.90909;407.45456;25.954546;0;0;0;0
228.71;29.212605;25.689127;244.95653;420.82608;32.347828;0;0;0;0
233.74;29.26087;25.997822;253.86957;423.82608;36.47826;0;0;0;0
239.011;29.25409;26.45636;339.63635;423;35.68182;0;0;0;0
244.176;29.272608;26.789564;418.47827;435.82608;42.130436;0;0;0;0
249.185;29.32739;27.137823;456.82608;423.91306;40.652172;0;0;0;0
254.204;29.363178;27.560907;519.4091;436;42.363636;0;0;0;0
259.306;29.40454;28.445;686.5909;441.72726;41.31818;0;0;0;0
264.324;29.480907;;892.6818;437.13635;20.454546;0;0;0;0
269.469;29.569092;;868.4091;400.86365;3;0;0;0;0
274.524;29.674778;;845.3913;474.6087;29.826086;0;0;0;0
279.806;29.743181;;857;450.77274;48.045456;0;0;0;0
285.046;29.758696;;931.1739;434.30435;71.434784;0;0;0;0
290.076;29.772177;29.766514;1077.5217;454.26086;85.347824;0;0;0;0
295.304;29.788185;29.108173;1046.409;462.36365;86.36364;0;0;0;0
300.31;29.829569;28.877834;1029.826;462.56522;92.304344;0;0;0;0
305.488;29.842724;28.811363;1013.4091;456.36365;87.681816;0;0;0;0
310.807;29.856958;28.811731;1011.8261;459.65216;90.26087;0;0;0;0
315.819;29.882174;28.569128;1011.8261;459.43478;94.695656;0;0;0;0
320.971;29.909998;28.615908;1006.9545;454.31818;92.77273;0;0;0;0
325.972;29.938261;28.64956;1000.73914;455.30435;94.608696;0;0;0;0
331.062;29.948183;28.654543;996.2727;459.81818;96.09091;0;0;0;0
336.241;29.975904;28.685453;990.63635;465.72726;103.72727;0;0;0;0
341.302;29.987822;28.58783;985.26086;464.65216;102.86957;0;0;0;0
346.498;30.008642;28.825;981.2727;466.13635;106;0;0;0;0
351.545;30.02086;28.963041;976.13043;466.30435;111.86957;0;0;0;0
356.829;30.05909;29.011827;975;457.27274;115.86364;0;0;0;0
362.007;30.076525;29.572613;974.73914;447.78262;109;0;0;0;0
367.061;30.110867;29.856953;978.65216;458.9565;113.91304;0;0;0;0
372.314;30.132277;29.90228;982.13635;461.68182;120.818184;0;0;0;0
377.467;30.155645;30.352613;993;459.34784;120.82609;0;0;0;0
382.507;30.152172;31.085217;1082.4783;464.9565;119.304344;0;0;0;0
387.548;30.16909;31.080446;1270;447.9091;119.77273;0;0;0;0
392.595;30.184542;30.756367;1326.1364;438.68182;125.22727;0;0;0;0
397.832;30.199091;30.470459;1329.5;430.36365;128.5;0;0;0;0
403.065;30.21869;30.6013;1328.6086;433.86957;125.04348;0;0;0;0
408.309;30.221298;30.995655;1345.4348;443.73914;122.95652;0;0;0;0
413.552;30.229996;30.938696;1363.3914;432.6087;121.91304;0;0;0;0
418.794;30.253918;30.623041;1369.0869;430.69565;128.04347;0;0;0;0
424.04;30.271315;30.490005;1356;428.17392;130.52174;0;0;0;0
429.205;30.280008;30.613907;1348.826;426.0435;129.78261;0;0;0;0
434.274;30.272612;30.576952;1344.6086;421.6087;131.17392;0;0;0;0
439.445;30.306366;30.593626;1345.1818;413.72726;130;0;0;0;0
444.513;30.306526;30.709135;1347.3043;422.21738;129.78261;0;0;0;0
449.782;30.324541;30.939093;1352.2273;420.22726;130;0;0;0;0
454.953;30.336088;30.833036;1355.3914;407.9565;130.17392;0;0;0;0
460.03;30.363913;30.77653;1358.6086;407.52173;131.73914;0;0;0;0
465.209;30.37182;30.846825;1360.3636;405.04544;130.86363;0;0;0;0
470.282;30.386095;30.84175;1362.4348;400.91306;131.78261;0;0;0;0
475.459;30.390917;30.593641;1361.091;401.13635;133.27272;0;0;0;0
480.541;30.408262;30.531738;1356.4348;400.47827;131.43478;0;0;0;0
485.546;30.409546;30.777729;1352.591;400.95456;126.27273;0;0;0;0
490.552;30.425909;30.88272;1349.2727;402.4091;123.77273;0;0;0;0
495.57;30.454096;30.965454;1349;402.77274;129.95454;0;0;0;0
500.591;30.441816;31.010002;1349.6818;401.86365;126.954544;0;0;0;0
505.606;30.47182;30.98182;1350.8182;403.63635;131;0;0;0;0
510.622;30.483635;30.942732;1351.5;402.13635;129.04546;0;0;0;0
515.845;30.486359;31.039095;1352.8182;401.31818;130.18182;0;0;0;0
520.865;30.504787;31.10609;1354.7826;400.43478;127.95652;0;0;0;0
525.892;30.498634;31.214998;1355.5;400.27274;125.545456;0;0;0;0
531.131;30.510914;31.266363;1357.8182;401.68182;123.954544;0;0;0;0
536.37;30.520004;31.260864;1360.0869;403.34784;126.91304;0;0;0;0
541.61;30.543478;31.444351;1363.7826;400.30435;120.608696;0;0;0;0
546.766;30.557388;32.027832;1385.3914;404.65216;117.17391;0;0;0;0
551.828;30.566954;31.943481;1528.5217;401.08694;122.73913;0;0;0;0
557.093;30.564095;31.693182;1572.5;402.4091;122.72727;0;0;0;0
562.257;30.583042;31.549128;1564.3478;404.65216;122.86957;0;0;0;0
567.32;30.601746;31.522612;1551.3478;404.73914;121.521736;0;0;0;0
572.592;30.604994;31.499548;1539.8636;404.9091;124.5;0;0;0;0
577.758;30.60609;31.637817;1539.4783;402.91306;118.391304;0;0;0;0
582.835;30.611303;31.76217;1539.3478;407.3913;121.478264;0;0;0;0
588.004;30.603638;31.760002;1539.591;401.36365;126.72727;0;0;0;0
593.07;30.619997;31.690443;1539.2609;401.9565;124;0;0;0;0
598.333;30.652277;31.7959;1538.591;409.22726;121.954544;0;0;0;0
603.573;30.653479;31.969557;1540;401.78262;125.26087;0;0;0;0
608.767;30.653471;31.906088;1541.4783;400.17392;123.391304;0;0;0;0
613.769;30.665216;31.92739;1543.6086;400;121.695656;0;0;0;0
618.839;30.679089;31.993176;1545.2273;401.63635;117.454544;0;0;0;0
624.017;30.67;31.946367;1544.3636;402.36365;121.09091;0;0;0;0
629.09;30.68522;31.953478;1545.826;406.86957;120.695656;0;0;0;0
634.277;30.71;32.10409;1545.6364;402.81818;124;0;0;0;0
639.34;30.69435;32.180424;1546.7826;401.0435;118.521736;0;0;0;0
644.516;30.72;32.00499;1546.0454;400.13635;121.77273;0;0;0;0
649.603;30.723482;31.798252;1545.7826;400;119.08696;0;0;0;0
654.609;30.708183;31.992731;1544.6364;400.0909;115.59091;0;0;0;0
659.625;30.70682;32.156372;1544.091;400.0909;113.72727;0;0;0;0
664.816;30.733637;32.077267;1545.7273;400.72726;115.181816;0;0;0;0
669.848;30.710869;32.180435;1547.7826;401.91306;113.304344;0;0;0;0
674.884;30.727724;32.230007;1549.8182;402.95456;113.90909;0;0;0;0
680.119;30.739996;32.165;1550.1818;402.5909;113.63636;0;0;0;0
685.302;30.758268;32.193047;1553.174;402.82608;114.95652;0;0;0;0
690.34;30.759134;32.352165;1559.0435;402.0435;111.608696;0;0;0;0
695.35;30.759092;32.33501;1577.6364;400.68182;112.72727;0;0;0;0
700.551;30.769548;32.359993;1597.091;400.31818;113.954544;0;0;0;0
705.66;30.776962;32.412598;1605.4348;400.6087;106.17391;0;0;0;0
710.838;30.782722;32.339092;1609.8182;401.31818;111;0;0;0;0
715.884;30.781746;32.194786;1613.6086;400.30435;110.73913;0;0;0;0
721.139;30.782726;32.25546;1619.3182;400.5;110.36364;0;0;0;0
726.369;30.786953;32.250877;1620.6957;405.9565;106.95652;0;0;0;0
731.542;30.788256;32.08609;1616.826;404.3913;111.04348;0;0;0;0
736.643;30.787828;32.46913;1615.9131;401.0435;106;0;0;0;0
741.847;30.802732;32.61818;1618.9546;402.45456;104.86364;0;0;0;0
746.866;30.82217;32.924347;1623.2609;402.08694;104.04348;0;0;0;0
751.878;30.81909;32.995003;1628.1818;402;101.72727;0;0;0;0
756.881;30.80545;33.39455;1638.6818;408.18182;101.59091;0;0;0;0
761.928;30.773638;33.65;1672.091;402.0909;103.72727;0;0;0;0
767.168;30.79318;33.340004;1710.1364;400;103.318184;0;0;0;0
772.379;30.814339;33.01435;1704.174;400;101.17391;0;0;0;0
777.381;30.813477;32.835213;1693.6957;400;97.95652;0;0;0;0
782.388;30.834547;32.97954;1687.2273;401.31818;97.09091;0;0;0;0
787.409;30.827734;33.172268;1678.1818;406.0909;99.59091;0;0;0;0
792.432;30.840004;33.3109;1678.1818;400.27274;95.181816;0;0;0;0
797.646;30.835455;34.374557;1690.4546;400.86365;87.13636;0;0;0;0
802.698;30.770876;31.78262;1689.5652;400;89.73913;0;0;0;0
807.866;30.71;28.83;1663.4546;400;82;0;0;0;0
812.929;30.680872;28.457827;1581.3043;400;73.347824;0;0;0;0
818.218;30.682732;27.724543;1133.591;400;48;0;0;0;0
823.399;30.64696;25.56869;869.3913;400;31.782608;0;0;0;0
828.599;30.58087;24.679565;751.2174;400;11.782609;0;0;0;0
833.68;30.553913;24.361742;680.3913;400;1.7826087;0;0;0;0
838.875;30.490908;24.05;618.2727;400;2.3636363;0;0;0;0
843.962;30.434351;23.96435;490.43478;400;0.7826087;0;0;0;0
849.17;30.400002;23.862726;376.31818;400;1.1818181;0;0;0;0
854.37;30.376518;23.830873;351.6087;400;1.3913044;0;0;0;0
859.666;30.350864;23.73826;332.65216;400;3.0869565;0;0;0;0
865.096;30.316961;23.692171;312;400;2.6086957;0;0;0;0
870.112;30.275717;23.745718;306.42856;400;2.5714285;0;0;0;0
875.367;30.235193;23.769598;303.56;400;4.16;0;0;0;0
880.412;30.225647;23.76913;297.17392;400;4.652174;0;0;0;0
885.68;30.20636;23.766823;291.45456;400;3;0;0;0;0
890.795;30.173037;23.768261;285.30435;400;3.6086957;0;0;0;0
895.862;30.151745;23.761303;279.13043;400;3.7826087;0;0;0;0
900.924;30.138641;23.762268;273.86365;400;3.7272727;0;0;0;0
906.112;30.115448;23.810907;269.86365;400;6.5;0;0;0;0
911.131;30.100428;23.827826;266.82608;400;6.130435;0;0;0;0
916.328;30.070002;23.840456;262.54544;400;7.2727275;0;0;0;0
921.417;30.042175;23.862612;259.91306;400;3.3913043;0;0;0;0
926.609;30.040905;23.876362;257.27274;400;2.8636363;0;0;0;0
931.912;30.015657;23.894789;256.34784;400;10.73913;0;0;0;0
937.108;30.002172;23.88826;254.30435;400;5.3913045;0;0;0;0
942.312;29.984783;23.905655;252.73914;400;10.173913;0;0;0;0
947.615;29.961744;23.895224;251.78261;400;7;0;0;0;0
952.814;29.946526;23.95;252.30435;400;7.173913;0;0;0;0
958.111;29.920008;24.003912;247.13043;400;8.695652;0;0;0;0
963.308;29.806086;24.160435;244.52174;400;12.869565;0;0;0;0
968.517;29.704779;24.46261;248.43478;400;16.043478;0;0;0;0
973.82;29.627382;24.699133;253.21739;400;27.130434;0;0;0;0
979.024;29.597824;24.863478;260.52173;400;31.47826;0;0;0;0
984.026;29.546528;25.015219;265.3913;400;37.130436;0;0;0;0
989.236;29.524548;25.07;270;400;39.909092;0;0;0;0
994.242;29.492603;25.035215;270.34784;400;42.086956;0;0;0;0
999.355;29.452734;25.054548;272.81818;400;49.954544;0;0;0;0
1004.361;29.424091;25.176363;274.5909;400;52.272728;0;0;0;0
1009.37;29.39273;25.26454;276;400;51.045456;0;0;0;0
1014.388;29.34909;25.263182;278.27274;400;55.31818;0;0;0;0
1019.406;29.303637;25.109999;280.04544;400;61.090908;0;0;0;0
1024.636;29.287739;25.249542;281.22726;400;61.227272;0;0;0;0
1029.65;29.260439;25.340439;282.3913;400;63.95652;0;0;0;0
1034.67;29.25364;25.400005;283.95456;400;63.272728;0;0;0;0
1039.904;29.234547;25.432728;284.81818;400;66.681816;0;0;0;0
1044.923;29.210001;25.43739;286.34784;400;70.26087;0;0;0;0
1050.157;29.19182;25.61545;288.45456;400;73.318184;0;0;0;0
1055.4;29.177383;25.563482;289.21738;400;73.391304;0;0;0;0
1060.641;29.159994;25.579561;290.3913;400;79.08696;0;0;0;0
1065.879;29.143045;25.551302;291.13043;400;80.478264;0;0;0;0
1071.122;29.141743;25.60174;292.69565;400;82.608696;0;0;0;0
1076.364;29.125658;25.645216;294.30435;400;83.652176;0;0;0;0
1081.611;29.131735;25.69348;295.6087;400;85.565216;0;0;0;0
1086.762;29.119997;25.770433;296.78262;400;85.04348;0;0;0;0
1091.801;29.108698;25.811304;297.6087;400;85.86957;0;0;0;0
1096.84;29.090004;25.75772;299.68182;400;91.40909;0;0;0;0
1101.878;29.071356;25.853636;300;400;92.954544;0;0;0;0
1107.031;29.06909;25.930456;301.45456;400;90.454544;0;0;0;0
;;;;;;;;;
;;;;;;;;;
;;;;;;;;;
;;;;;;;;;
1132.623;29.143635;25.613634;342.9091;400;;0;0;0;0
1137.671;29.138184;25.63;345.04544;400;;0;0;0;0
1142.828;29.127266;25.68545;346.63635;400;98.86364;0;0;0;0
1147.879;29.111736;25.610428;347.73914;400;;0;0;0;0
1152.935;29.114544;25.67228;348.0909;400;97.63636;0;0;0;0
1158.104;29.10818;25.612274;350;400;97.40909;0;0;0;0
1163.162;29.106522;25.9013;350.78262;400;95.95652;0;0;0;0
1168.431;29.127272;26.539095;363.0909;400;88.59091;0;0;0;0
1173.595;29.153475;26.725212;404.17392;400;88.565216;0;0;0;0
1178.663;29.159138;26.51783;503.0435;400;96.652176;0;0;0;0
1183.834;29.140911;25.92;497.95456;400;102.77273;0;0;0;0
1188.903;29.127382;25.702175;463.6087;400;98.304344;0;0;0;0
1194.08;29.11545;25.739546;445.63635;400;98.818184;0;0;0;0
1199.16;29.120869;25.88174;427.47827;400;99.521736;0;0;0;0
1204.342;29.128181;25.89636;407;400;102.90909;0;0;0;0
1209.655;29.104345;25.686956;385.47827;400;103;0;0;0;0
1214.657;29.126524;25.796083;379.9565;400;101.95652;0;0;0;0
1219.666;29.12682;26.046364;378;400;98.09091;0;0;0;0
1224.879;29.13454;25.91046;375.27274;400;103.22727;0;0;0;0
1229.885;29.117392;25.84696;375.73914;400;102.434784;0;0;0;0
1234.914;29.096361;25.845;374.77274;400;98.954544;0;0;0;0
1239.972;29.084545;25.745455;371.81818;400;102.22727;0;0;0;0
1245.135;29.084547;25.77273;368.63635;400;102.27273;0;0;0;0
1250.151;29.10348;25.841734;367.0435;400;99.86957;0;0;0;0
1255.2;29.11363;25.886816;365.31818;400;101.5;0;0;0;0
1260.215;29.109093;26.14591;367.31818;400;102.318184;0;0;0;0
1265.237;29.09818;26.260908;370.22726;400;103.181816;0;0;0;0
1270.264;29.106361;26.11136;372;400;101.454544;0;0;0;0
1275.288;29.110912;25.940912;371.63635;400;95.681816;0;0;0;0
1280.478;29.096813;25.953636;370.04544;400;103.36364;0;0;0;0
1285.51;29.095648;25.953472;370.21738;400;102.26087;0;0;0;0
1290.547;29.092278;26.023186;371.36365;400;101.77273;0;0;0;0
1295.786;29.089546;26.17273;372.04544;400;103.63636;0;0;0;0
1301.03;29.086088;26.049568;373.21738;400;107.478264;0;0;0;0
1306.265;29.093472;26.020868;374.34784;400;103.04348;0;0;0;0
1311.293;29.094347;26.0026;375;400;98.565216;0;0;0;0
1316.442;29.115448;26.035461;374.31818;400;98.86364;0;0;0;0
1321.486;29.091743;25.968697;374.43478;400;97.347824;0;0;0;0
1326.527;29.080452;25.962725;374.0909;400;99.09091;0;0;0;0
1331.786;29.089098;26.125452;374.0909;400;92.36364;0;0;0;0
1336.955;29.08783;26.076084;372.6087;400;92.08696;0;0;0;0
1341.969;29.093914;26.302166;371.86957;400;89.78261;0;0;0;0
1347.025;29.094086;26.342278;370.72726;400;86.681816;0;0;0;0
1352.047;29.109095;26.218176;370;400;90.681816;0;0;0;0
1357.262;29.095003;26.271368;369.04544;400;88.22727;0;0;0;0
1362.295;29.095648;26.378696;369.21738;400;91.695656;0;0;0;0
1367.56;29.098177;26.313637;369.18182;400;99.318184;0;0;0;0
1372.731;29.112175;26.556526;369.52173;400;99.95652;0;0;0;0
1377.79;29.127829;26.741741;370.65216;400;97.13043;0;0;0;0
1383.067;29.12136;26.221361;371;400;105.13636;0;0;0;0
1388.234;29.109999;26.045654;372.34784;400;106.478264;0;0;0;0
1393.299;29.12435;26.186953;372;400;95.73913;0;0;0;0
1398.482;29.106361;26.117731;371.5909;400;101.13636;0;0;0;0
1403.545;29.113039;26.003487;369.43478;400;102.13043;0;0;0;0
1408.556;29.094551;25.995451;367.72726;400;96.77273;0;0;0;0
1413.839;29.084093;25.998186;365.18182;400;105.318184;0;0;0;0
1418.845;29.08174;26.25261;365.56522;400;103.478264;0;0;0;0
1424.019;29.085909;26.390003;366;400;101.545456;0;0;0;0
1429.091;29.085657;26.210001;365.6087;400;102.78261;0;0;0;0
1434.279;29.079998;26.289545;364.45456;400;100.045456;0;0;0;0
1439.307;29.07392;26.304777;364;400;104.608696;0;0;0;0
1444.494;29.090004;26.345;362.72726;400;98.40909;0;0;0;0
1449.538;29.085653;26.36783;361.43478;400;101.695656;0;0;0;0
1454.608;29.09272;26.497272;360.72726;400;103.681816;0;0;0;0
1459.78;29.108177;26.359083;359.5909;400;107.454544;0;0;0;0
1464.846;29.100004;26.405651;359;400;103.695656;0;0;0;0
1470.11;29.109545;26.573637;359;400;102.77273;0;0;0;0
1475.314;29.099997;26.259127;359.43478;400;110.434784;0;0;0;0
1480.351;29.108696;26.19087;360;400;111.08696;0;0;0;0
1485.527;29.114544;26.552723;360.72726;400;105.818184;0;0;0;0
1490.53;29.124348;26.790865;361;400;100.82609;0;0;0;0
1495.637;29.147272;26.91227;362;400;98.045456;0;0;0;0
1500.863;29.135462;26.931816;362.72726;400;94.181816;0;0;0;0
1505.882;29.150003;26.502176;363;400;94.86957;0;0;0;0
1510.896;29.152723;26.422277;363.54544;400;97.454544;0;0;0;0
1515.909;29.161812;26.780912;363.31818;400;89.181816;0;0;0;0
1521.143;29.164549;26.763636;363.36365;400;94.454544;0;0;0;0
1526.163;29.163038;26.645657;364.43478;400;93.391304;0;0;0;0
1531.183;29.157734;26.701357;364.68182;400;87.72727;0;0;0;0
1536.418;29.162725;26.86364;366.18182;400;84.318184;0;0;0;0
1541.655;29.216955;;367.65216;404.91306;104.91304;0;0;0;0
1546.908;29.296963;;370;400.0435;52.565216;0;0;0;0
1552.068;29.33478;;370.43478;454.56522;;0;0;0;0
1557.119;29.365648;28.816517;371;403.17392;;0;0;0;0
1562.169;29.379084;27.978182;372.54544;400;;0;0;0;0
1567.336;29.43228;;375.5;400;82.63636;0;0;0;0
1572.399;29.417398;28.751743;375.52173;400;76.347824;0;0;0;0
1577.565;29.421814;27.821821;380.63635;400;82.36364;0;0;0;0
1582.641;29.45912;26.85652;381.26086;400;73.652176;0;0;0;0
1587.914;29.48227;26.48454;383.4091;400;80.681816;0;0;0;0
1593.084;29.508696;26.410429;379.69565;400;87.91304;0;0;0;0
1598.158;29.530443;25.670866;366.91306;400;78.13043;0;0;0;0
1603.315;29.527721;25.814547;359.0909;400;68.36364;0;0;0;0
1608.404;29.52957;25.980875;360.91306;400;61.652172;0;0;0;0
1613.604;29.451813;25.65091;349.63635;400;57.772728;0;0;0;0
1618.808;29.43348;25.565655;342.30435;400;53.695652;0;0;0;0
1623.891;29.432615;25.338264;329.34784;400;46.782608;0;0;0;0
1629.09;29.436821;25.168638;321.31818;400;47.727272;0;0;0;0
1634.175;29.449566;25.079128;316.6087;400;42.652172;0;0;0;0
1639.375;29.429995;25.003185;303.81818;400;37.454544;0;0;0;0
1644.594;29.448267;24.91522;294.13043;400;33.652172;0;0;0;0
1649.807;29.436953;24.902615;282.86957;400;27.695652;0;0;0;0
1654.908;29.429995;24.91304;276.69565;400;23.73913;0;0;0;0
1660.115;29.448187;24.907276;270.81818;400;18.59091;0;0;0;0
1665.328;29.425653;24.89348;268.0435;400;17.391304;0;0;0;0
1670.548;29.443043;24.882177;264.47827;400;14.043478;0;0;0;0
1675.642;29.438696;24.860432;261.13043;400;17.956522;0;0;0;0
1680.858;29.444551;24.864094;260.95456;400;15.318182;0;0;0;0
1686.075;29.450874;24.87696;257.73914;400;15;0;0;0;0
1691.078;29.47043;24.84261;257;400;13.391304;0;0;0;0
1696.08;29.46999;24.853178;259.95456;400;9.5;0;0;0;0
1701.092;29.472267;25.320454;263.9091;400;16.454546;0;0;0;0
1706.154;29.525915;26.404997;269.31818;400;10.045455;0;0;0;0
1711.161;29.538183;26.512728;298;400;16.5;0;0;0;0
1716.168;29.56;26.239996;432.18182;400;26.954546;0;0;0;0
1721.177;29.575;25.985907;477.0909;400;23.318182;0;0;0;0
1726.199;29.599548;25.675909;466.68182;400;16.954546;0;0;0;0
1731.221;29.614538;25.174995;421.13635;400;18;0;0;0;0
1736.482;29.62864;25.004091;349.86365;400;18.5;0;0;0;0
1741.619;29.62173;25.07044;324.17392;400;11.869565;0;0;0;0
1746.652;29.606512;25.064352;311.65216;400;9.043478;0;0;0;0
1751.68;29.571815;25.003181;304.18182;400;9.409091;0;0;0;0
1756.709;29.566368;24.969093;302.72726;400;7.0454545;0;0;0;0
1761.758;29.570906;24.954998;298.22726;400;3.4545455;0;0;0;0
1766.933;29.564093;24.919548;291;400;3.1363637;0;0;0;0
1771.978;29.553047;24.890001;286.73914;400;4.869565;0;0;0;0
1777.005;29.570005;24.890911;282.45456;400;7.9545455;0;0;0;0
1782.042;29.561363;24.874548;279.27274;400;12.909091;0;0;0;0
1787.072;29.574091;24.869995;274.77274;400;11.545455;0;0;0;0
1792.241;29.585915;24.864546;268.04544;400;11.636364;0;0;0;0
1797.454;29.576086;24.840435;260.47827;400;7.9130435;0;0;0;0
1802.496;29.602602;24.807829;255.17392;400;9.043478;0;0;0;0
1807.568;29.594551;24.798182;250.22728;400;12.454545;0;0;0;0
1812.752;29.599998;24.76364;245.36363;400;7.590909;0;0;0;0
1817.828;29.604342;24.737394;244.65218;400;8.434783;0;0;0;0
1822.975;29.599998;24.71;240.40909;400;12.772727;0;0;0;0
1828.064;29.608252;24.713047;239;400;14.434783;0;0;0;0
1833.278;29.615454;24.687733;240.09091;400;14.090909;0;0;0;0
1838.326;29.629131;24.707827;240.73914;400;12.565217;0;0;0;0
1843.491;29.63864;24.697271;238.77272;400;10.181818;0;0;0;0
1848.58;29.630865;24.739992;237.60869;400;5.695652;0;0;0;0
1853.74;29.65501;24.734089;235.68182;400;8.590909;0;0;0;0
1858.815;29.613916;25.066963;234.39131;400;7.0434785;0;0;0;0
1863.987;29.565002;25.335913;236.68182;400;5.5454545;0;0;0;0
1869.062;29.515211;25.452175;240.60869;400;12.695652;0;0;0;0
1874.29;29.451813;25.497725;250.13637;400;15.181818;0;0;0;0
1879.341;29.398697;25.596525;295.78262;400;22.130434;0;0;0;0
1884.533;29.360907;25.702728;298.36365;400;25.09091;0;0;0;0
1889.598;29.31739;25.633043;293.0435;400;26.26087;0;0;0;0
1894.778;29.294542;25.841822;300.81818;400;25.363636;0;0;0;0
1899.974;29.260004;26.385218;312;400;26.434782;0;0;0;0
1905.055;29.229567;26.07522;323.9565;400;29.173914;0;0;0;0
1910.083;29.20182;26.008184;330.72726;400;35.363636;0;0;0;0
1915.29;29.18091;26.103638;336;400;37.81818;0;0;0;0
1920.302;29.16565;26.183474;339.73914;400;39;0;0;0;0
1925.383;29.162731;26.326824;342;400;39.68182;0;0;0;0
1930.594;29.113634;26.097273;343;400;36.81818;0;0;0;0
1935.8;29.095661;26.003914;343.56522;400;36.47826;0;0;0;0
1940.801;29.076963;25.969135;342.43478;400;39.739132;0;0;0;0
1945.87;29.064087;25.995909;339.5;400;37.909092;0;0;0;0
1951.034;29.055452;26.079998;336.31818;400;37.363636;0;0;0;0
1956.041;29.03609;26.121302;332.0435;400;30.608696;0;0;0;0
1961.079;29.02182;26.109999;322.81818;400;32.045456;0;0;0;0
1966.107;29.01546;26.234999;315;400;29.5;0;0;0;0
1971.126;28.99954;26.328186;316.95456;400;32.909092;0;0;0;0
1976.323;28.977722;26.36454;317.77274;400;34.590908;0;0;0;0
1981.375;28.966524;26.21087;315.0435;400;37.391304;0;0;0;0
1986.421;28.951372;26.180004;316;400;35.136364;0;0;0;0
1991.458;28.95818;26.281818;317.45456;400;28.772728;0;0;0;0
1996.629;28.942274;26.349543;316.68182;400;31.40909;0;0;0;0
2001.68;28.930439;26.352608;315.52173;400;36.739132;0;0;0;0
2006.869;28.927269;26.241816;314.81818;400;33.68182;0;0;0;0
2011.897;28.899569;26.197823;314;400;38.260868;0;0;0;0
2016.93;28.894997;26.18409;313.5;400;38.409092;0;0;0;0
2021.995;28.898191;26.247272;312.4091;400;37.5;0;0;0;0
2027.182;28.88546;26.249998;312;400;38.272728;0;0;0;0
2032.367;28.881308;26.263914;310.65216;400;40.173912;0;0;0;0
2037.427;28.87043;26.28435;308.3913;400;44.086956;0;0;0;0
2042.485;28.859083;26.424095;307.22726;400;43.909092;0;0;0;0
2047.504;28.867271;26.372267;306.13635;400;47.590908;0;0;0;0
2052.51;28.867731;26.35;305.27274;400;45.81818;0;0;0;0
2057.512;28.880003;26.396818;303.72726;400;40.909092;0;0;0;0
2062.687;28.87591;26.366364;303;400;44.272728;0;0;0;0
2067.776;28.870434;26.41522;302.86957;400;44.04348;0;0;0;0
2072.941;28.860912;26.407276;302;400.04544;47.045456;0;0;0;0
2077.993;28.862167;26.431747;302.43478;400;49.869564;0;0;0;0
2083.04;28.877275;26.443634;302.54544;400;46.31818;0;0;0;0
2088.196;28.856823;26.461823;303;400.18182;44.863636;0;0;0;0
2093.23;28.86434;26.463915;302.21738;400.69565;46.782608;0;0;0;0
2098.312;28.87318;26.641815;302;401.72726;46.18182;0;0;0;0
2103.471;28.865448;26.652271;302;401.4091;45.5;0;0;0;0
2108.529;28.861736;26.531738;301.6087;400.21738;43.913044;0;0;0;0
2113.715;28.867268;26.423637;301;402.45456;48.454544;0;0;0;0
2118.786;28.85;26.497395;301;400.17392;45.434784;0;0;0;0
2123.978;28.850006;26.423643;301;401.72726;47.5;0;0;0;0
2129.012;28.84522;26.432611;300.91306;401.21738;44.52174;0;0;0;0
2134.232;28.849998;26.402733;299.77274;401.36365;45.954544;0;0;0;0
2139.315;28.849997;26.398695;299;407.34784;49.130436;0;0;0;0
2144.518;28.849092;26.458183;299.5;403.36365;51.090908;0;0;0;0
2149.718;28.846518;26.489557;299.73914;402.21738;50.826088;0;0;0;0
2154.809;28.828701;26.471306;298.6087;400;48.52174;0;0;0;0
2160.034;28.837275;26.430464;298;400.45456;47.272728;0;0;0;0
2165.238;28.833918;26.488256;297.73914;402.43478;47.217392;0;0;0;0
2170.458;28.835218;26.527824;297;402.86957;43.304348;0;0;0;0
2175.581;28.82696;26.449125;296.3913;408.0435;45.652172;0;0;0;0
2180.807;28.838184;26.464092;296;411.36365;48.772728;0;0;0;0
2186.04;28.816961;26.552172;295.56522;406.34784;49.086956;0;0;0;0
2191.277;28.826963;26.646093;296;407.30435;45.739132;0;0;0;0
2196.515;28.840006;26.64;296;405.91306;46.304348;0;0;0;0
2201.761;28.835224;26.653051;296;411.65216;46.04348;0;0;0;0
2206.956;28.833912;26.583477;296;410.78262;48.782608;0;0;0;0
2212.177;28.820005;26.590433;296.43478;409.78262;45;0;0;0;0
2217.197;28.827827;26.689133;297.21738;415.30435;48.217392;0;0;0;0
2222.224;28.829546;26.660456;298;413.95456;49.909092;0;0;0;0
2227.247;28.831362;26.678633;298;408.86365;51.31818;0;0;0;0
2232.257;28.837275;26.622725;297.86365;407.5909;47.68182;0;0;0;0
2237.282;28.823631;26.619997;297;417.5;50.18182;0;0;0;0
2242.319;28.833643;26.595453;297;413.36365;54.272728;0;0;0;0
2247.358;28.808641;26.575005;297;416.18182;56.227272;0;0;0;0
2252.515;28.825909;26.696821;297.22726;417.95456;52.727272;0;0;0;0
2257.735;28.823044;26.794785;298;420.65216;56.304348;0;0;0;0
2262.799;28.831306;26.6613;298;406.26086;56.086956;0;0;0;0
2267.831;28.817732;26.762726;297.31818;401.77274;49;0;0;0;0
2273.036;28.838177;26.744549;297;402.0909;46.5;0;0;0;0
2278.119;28.846083;26.78652;297;408.30435;44.47826;0;0;0;0
2283.284;28.840912;26.720003;296.77274;409.31818;50.363636;0;0;0;0
2288.322;28.842615;26.696093;296;402.86957;45.217392;0;0;0;0
2293.341;28.867725;26.821814;295.5;401.95456;43.227272;0;0;0;0
2298.379;28.861818;26.81591;294.13635;402.31818;39.954544;0;0;0;0
2303.588;28.869997;26.87682;293;403.31818;40.81818;0;0;0;0
2308.824;28.873913;26.855654;293;400.52173;44.52174;0;0;0;0
2313.862;28.878698;26.796083;293;400.21738;42.217392;0;0;0;0
2319.031;28.88637;26.92727;293;400.0909;39.31818;0;0;0;0
2324.085;28.897825;26.789562;292.08694;400.17392;39.52174;0;0;0;0
2329.126;28.899096;26.785454;292;400.36365;35.81818;0;0;0;0
2334.149;28.90909;26.68318;292;401.22726;36.68182;0;0;0;0
2339.309;28.91864;26.675;292.5;402.68182;36.863636;0;0;0;0
2344.327;28.89783;26.784777;293.21738;402.34784;36;0;0;0;0
2349.357;28.909998;26.702276;294;401.77274;36.31818;0;0;0;0
2354.37;28.937727;26.723175;294.45456;401.5;30.181818;0;0;0;0
2359.386;28.930452;26.710915;295;401;33.045456;0;0;0;0
2364.406;28.930914;26.599085;295.72726;400.27274;27.954546;0;0;0;0
2369.462;28.93091;26.560461;295.13635;400.31818;20.318182;0;0;0;0
2374.662;28.944092;26.585;295.4091;401.45456;24.40909;0;0;0;0
2379.867;28.950434;26.700432;295.3913;400.43478;23.52174;0;0;0;0
2384.901;28.954353;26.713045;295;400.3913;24.565218;0;0;0;0
2389.929;28.95409;26.700453;295;402.4091;17.227272;0;0;0;0
2394.961;28.962278;26.570002;295;403.27274;25.954546;0;0;0;0
2400.171;28.953642;26.541822;295;401.86365;23.772728;0;0;0;0
2405.23;28.977392;26.598694;295.52173;406.91306;25.782608;0;0;0;0
2410.407;28.978174;26.824993;296.68182;405.81818;25.5;0;0;0;0
2415.466;28.950874;26.819565;297.82608;404.82608;22.956522;0;0;0;0
2420.643;28.978636;26.960905;298.63635;416.5909;25.863636;0;0;0;0
2425.712;28.994349;26.897825;300.65216;410.08694;27.52174;0;0;0;0
2430.753;28.989996;26.627728;301.81818;408.4091;27.90909;0;0;0;0
2435.773;28.998182;26.545;302.5909;405.95456;25.318182;0;0;0;0
